id,product,review
1,Smartphone,"The camera quality is excellent and the display looks amazing, but the battery drains very quickly and the phone gets uncomfortably hot while gaming."
2,Laptop,"The display is beautiful and the performance is outstanding for everyday tasks, but the laptop gets very hot under load and the fan noise is quite loud."
3,Headphones,"Sound quality is absolutely excellent with deep bass and clear highs, but the ear cushions are uncomfortable after an hour and the build feels cheap."
4,Smartwatch,"The fitness tracking is accurate and the battery lasts a full week, which is impressive. The display is crisp and bright even in sunlight."
5,Tablet,"The tablet is perfect for drawing and note-taking with the stylus. Performance is smooth and the display is gorgeous, but the price feels too high for what you get."
6,Bluetooth Speaker,"The sound is surprisingly loud and clear for its size. The bass is punchy and it connects instantly. Battery life is excellent — lasted the whole weekend camping."
7,Wireless Earbuds,"The noise cancellation is top-notch and the sound quality is premium. However, the battery case feels flimsy and one earbud stopped working after two months."
8,Gaming Mouse,"The mouse feels great in hand and the clicks are very responsive. The RGB lighting looks cool. However, the software is buggy and the scroll wheel feels cheap."
9,Mechanical Keyboard,"Typing feel is fantastic and the build quality is solid metal. The keys are satisfyingly clicky. The price is high but worth it for serious typists."
10,Action Camera,"Video quality in 4K is breathtaking and the stabilization works really well. The waterproof design is a huge plus. However, the battery life is only about 90 minutes."
11,Power Bank,"Charges my phone three times on a single charge, which is great for travel. It charges fast too. The only downside is it takes forever to recharge itself."
12,Smart TV,"The picture quality is incredible and the smart features work smoothly. Netflix and YouTube load instantly. However, the remote feels cheap and the built-in speakers are weak."
13,Coffee Maker,"Makes coffee quickly and the taste is consistently good. It's easy to clean and looks nice on the counter. But it's quite loud and the carafe lid leaks occasionally."
14,Air Purifier,"Noticeably cleaner air in my room after just a day. Very quiet on low setting. Filter replacement is affordable. I wish the app had more control options though."
15,Running Shoes,"Extremely comfortable from the first wear — no break-in period needed. Lightweight and great grip on wet surfaces. However, the sizing runs small so order a half size up."
16,Backpack,"The build quality is excellent with strong zippers and thick fabric. Fits a 15-inch laptop perfectly. However, the shoulder straps start to dig in after a few hours of walking."
17,Electric Kettle,"Boils water fast and the temperature control is very useful for different types of tea. Looks stylish. The handle gets warm though and the lid is a bit difficult to open."
18,Robot Vacuum,"Works well on hardwood floors and corners. Mapping is surprisingly accurate. Battery life is decent. However, it struggles with thick carpets and gets stuck occasionally."
